{"instances": [{"bbox_3d": [-0.7373908162117004, -0.9298595488071442, 0.4647642821073532, 0.6712805032730103, 0.45195120573043823, 0.6812380850315094], "bbox_label_3d": 2}, {"bbox_3d": [-0.7713813185691833, -0.9202906787395477, 0.46273669600486755, 0.629104495048523, 0.4737773537635803, 0.6451817154884338], "bbox_label_3d": 14}, {"bbox_3d": [-0.8375780284404755, 0.1530960500240326, 0.5713439434766769, 0.488042414188385, 0.5551115870475769, 0.733203798532486], "bbox_label_3d": 15}]}