{"instances": [{"bbox_3d": [0.32100026309490204, 1.4734299182891846, 0.9961220622062683, 0.8442811071872711, 0.16399526596069336, 1.8137823343276978], "bbox_label_3d": 5}, {"bbox_3d": [-0.6535239815711975, -0.9126550555229187, 0.5058138370513916, 0.6350431442260742, 0.4284251928329468, 0.8305391073226929], "bbox_label_3d": 14}, {"bbox_3d": [-0.7206190228462219, 0.21537429094314575, 0.627191886305809, 0.47534704208374023, 0.591949462890625, 0.5869517624378204], "bbox_label_3d": 15}, {"bbox_3d": [-0.18756144493818283, -1.3687777519226074, 0.6170463114976883, 0.47186948359012604, 0.12528371810913086, 0.37415871024131775], "bbox_label_3d": 17}]}