{"instances": [{"bbox_3d": [0.7069440484046936, -1.309638261795044, 0.6033103764057159, 0.4284573793411255, 0.2672998905181885, 1.1148471236228943], "bbox_label_3d": 17}, {"bbox_3d": [-0.7326211929321289, 0.21690358221530914, 0.6356397271156311, 0.47232508659362793, 0.5772885978221893, 0.5877426862716675], "bbox_label_3d": 15}, {"bbox_3d": [-0.6591464877128601, -0.914957582950592, 0.47898852825164795, 0.6604436635971069, 0.37930095195770264, 0.8863270282745361], "bbox_label_3d": 14}, {"bbox_3d": [0.24525165557861328, 1.4710637331008911, 1.1181748509407043, 1.0430114269256592, 0.11560797691345215, 2.2329829931259155], "bbox_label_3d": 5}]}