{"instances": [{"bbox_3d": [-0.019757211208343506, -1.3137915134429932, 1.0905256271362305, 1.7651946544647217, 0.11146950721740723, 2.181051254272461], "bbox_label_3d": 0}, {"bbox_3d": [0.8475630283355713, 0.22193968296051025, 1.1058439016342163, 0.10399818420410156, 2.980773448944092, 2.2116878032684326], "bbox_label_3d": 0}, {"bbox_3d": [-0.999040961265564, 0.01434636116027832, 1.0986988544464111, 0.10305666923522949, 2.6512937545776367, 2.1973977088928223], "bbox_label_3d": 0}, {"bbox_3d": [-0.009233236312866211, 1.6218154430389404, 1.0966418981552124, 1.64329195022583, 0.11563992500305176, 2.193283796310425], "bbox_label_3d": 0}]}